PWSID,contact_priority,opp_contact_date,follow_up_date
CA0103040,3,10/8/2021,
CA0105008,3,10/8/2021,
CA0110001,,,
CA0110003,,,
CA0110005,,,
CA0110006,,,
CA0110008,,,
CA0110009,1,10/8/2021,DDW
CA0110010,3,10/8/2021,
CA0110011,,,
CA0110012,,,
CA0110018,,,
CA0202503,2,10/8/2021,
CA0202504,,,
CA0210001,3,10/8/2021,
CA5710003,3,10/8/2021,
CA0300016,2,10/8/2021,
CA0300019,2,10/8/2021,
CA3610044,3,10/8/2021,11/15/2021
CA2410001,3,10/8/2021,11/15/2021
CA0310001,,,
CA0310002,,,
CA0310003,,,
CA0310004,1,10/8/2021,
CA0310005,,,
CA0310006,,,
CA3710702,3,10/8/2021,11/15/2021
CA0310012,,,
CA1910049,3,10/8/2021,11/15/2021
CA0310019,,,
CA0310021,,,
CA1510032,3,10/8/2021,11/15/2021
CA0400004,2,10/8/2021,
CA1510020,3,10/8/2021,11/15/2021
CA0400008,3,10/8/2021,
CA1510024,3,10/8/2021,11/15/2021
CA5410003,3,10/8/2021,11/15/2021
CA0400016,2,10/8/2021,
CA3110010,3,10/8/2021,11/15/2021
CA0400021,,,
CA0400023,,,
CA1910169,3,10/8/2021,11/15/2021
CA0400040,,,
CA0400041,,,
CA2410010,3,10/8/2021,11/15/2021
CA0400090,2,10/8/2021,
CA0400091,,,
CA2310004,3,10/8/2021,11/15/2021
CA2410006,3,10/8/2021,11/15/2021
CA0400151,2,10/8/2021,
CA1010026,3,10/8/2021,11/15/2021
CA0405001,,,
CA1910086,3,10/8/2021,11/15/2021
CA0409183,3,10/8/2021,
CA2710005,3,10/8/2021,11/15/2021
CA0410002,,,
CA0410003,1,10/8/2021,
CA0410004,,,
CA0410005,,,
CA0410006,,,
CA0410007,,,
CA0410008,1,10/8/2021,
CA0410009,,,
CA0410011,,,
CA0410012,2,10/8/2021,
CA0410018,,,
CA0510009,3,10/8/2021,11/15/2021
CA0500027,2,10/8/2021,
CA0500068,2,10/8/2021,
CA0500091,,,
CA0510001,,,
CA0510002,,,
CA0510003,,,
CA0510004,,,
CA0510005,,,
CA0510006,,,
CA3610009,3,10/8/2021,11/15/2021
CA0510010,,,
CA0510016,,,
CA0510017,,,
CA0510019,,,
CA5310001,3,10/8/2021,11/15/2021
CA0600008,2,10/8/2021,
CA2410012,3,10/8/2021,11/15/2021
CA1310005,3,10/8/2021,11/15/2021
CA0605011,,,
CA3710700,3,10/8/2021,11/15/2021
CA0610002,1,10/8/2021,
CA3310048,3,10/8/2021,11/15/2021
CA0610004,,,
CA0706004,3,10/8/2021,
CA5410008,3,10/8/2021,11/15/2021
CA2310006,3,10/8/2021,11/15/2021
CA0707507,2,10/8/2021,
CA0707517,3,10/8/2021,
CA0707519,3,10/8/2021,
CA0707523,,,
CA0707547,2,10/8/2021,
CA3610031,3,10/8/2021,11/15/2021
CA1910165,3,10/8/2021,11/15/2021
CA0707573,3,10/8/2021,
CA0707574,,,
CA1510025,3,10/8/2021,11/15/2021
CA0707577,,,
CA0707585,3,10/8/2021,
CA2310008,3,10/8/2021,11/15/2021
CA0707615,3,10/8/2021,
CA0710001,,,
CA0710002,,,
CA0710003,,,
CA0710004,,,
CA0710006,,,
CA0710007,,,
CA0710008,,,
CA0710009,,,
CA4710013,3,10/8/2021,11/15/2021
CA4310028,3,10/8/2021,11/15/2021
CA0800548,,,
CA1510014,3,10/8/2021,11/15/2021
CA4710002,3,10/8/2021,11/15/2021
CA3610023,3,10/8/2021,11/15/2021
CA1510009,3,10/8/2021,11/15/2021
CA0810001,,,
CA0810002,1,10/8/2021,
CA0810003,,,
CA3310030,3,10/8/2021,11/15/2021
CA2310005,3,10/8/2021,11/15/2021
CA0610001,3,10/8/2021,11/15/2021
CA0910001,3,10/8/2021,
CA0910002,,,
CA0910003,,,
CA0910006,,,
CA0910007,,,
CA0910012,3,10/8/2021,
CA0910013,,,
CA0910015,3,10/8/2021,
CA1810002,3,10/8/2021,
CA1710012,3,10/8/2021,
CA3210005,3,10/8/2021,
CA1000004,,,
CA3610002,3,10/8/2021,
CA1000018,2,10/8/2021,
CA1000019,,,
CA1210015,3,10/8/2021,
CA1000023,3,10/8/2021,
CA1000039,3,10/8/2021,
CA0210002,3,10/8/2021,
CA1000041,,,
CA1000042,,,
CA1000053,,,
CA1000054,,,
CA1000057,,,
CA3910008,3,10/8/2021,
CA1000069,3,10/8/2021,
CA1000075,,,
CA1000078,3,10/8/2021,
CA1000229,2,10/8/2021,
CA5410038,3,10/8/2021,
CA1000267,3,10/8/2021,
CA3610093,3,10/8/2021,
CA1000359,,,
CA1000471,,,
CA1000484,,,
CA1000546,,,
CA1000550,,,
CA1000551,,,
CA1000554,3,10/8/2021,
CA1000555,3,10/8/2021,
CA1000585,,,
CA1010001,,,
CA1010003,,,
CA1010004,,,
CA1010005,,,
CA1010006,,,
CA1010007,,,
CA1010017,,,
CA1010018,,,
CA1010019,,,
CA1010020,,,
CA1010021,,,
CA1010023,,,
CA1010024,,,
CA1010025,,,
CA3610854,3,10/8/2021,
CA1010027,1,10/8/2021,
CA1010028,,,
CA1010029,,,
CA1010030,,,
CA1010034,,,
CA1010035,,,
CA3610011,3,10/8/2021,
CA1010042,,,
CA1010044,,,
CA1010049,1,10/8/2021,
CA1010051,,,
CA1010052,3,10/8/2021,
CA1010053,3,10/8/2021,
CA1010055,3,10/8/2021,
CA1010062,,,
CA1010501,,,
CA4010006,3,10/8/2021,
CA1910022,3,10/8/2021,
CA1100254,,,
CA1100404,,,
CA1100405,2,10/8/2021,
CA3610022,3,10/8/2021,
CA0410001,3,10/8/2021,
CA1100616,,,
CA1100711,2,10/8/2021,
CA1110001,,,
CA1110002,,,
CA1110003,,,
CA3710041,3,10/8/2021,
CA1010039,3,10/8/2021,
CA1200538,,,
CA5710009,3,10/8/2021,
CA3110029,3,10/8/2021,
CA2210001,3,10/8/2021,
CA1200553,,,
CA4010015,3,10/8/2021,
CA5310002,3,10/8/2021,
CA1200588,2,10/8/2021,
CA1510002,3,10/8/2021,
CA1200591,,,
CA1910002,3,10/8/2021,
CA1200671,,,
CA1200687,,,
CA1200701,,,
CA1210022,3,10/8/2021,
CA3610060,3,10/8/2021,
CA1200729,,,
CA5610021,3,10/8/2021,
CA1206004,,,
CA1210001,,,
CA1210002,,,
CA1210004,,,
CA1210006,,,
CA1210007,,,
CA1210008,,,
CA1210009,,,
CA1210010,,,
CA1210011,,,
CA1210012,,,
CA1210013,,,
CA3301943,3,10/8/2021,
CA1210016,,,
CA1210017,,,
CA1210018,3,10/8/2021,
CA1210019,,,
CA1210020,,,
CA1210021,,,
CA1210021,,,
CA5510011,3,10/8/2021,
CA1210023,,,
CA1210024,,,
CA1410009,3,10/8/2021,
CA1300018,,,
CA1300513,2,10/8/2021,
CA1300514,2,10/8/2021,
CA1300550,2,10/8/2021,
CA1300572,2,10/8/2021,
CA1300575,2,10/8/2021,
CA1300616,2,10/8/2021,
CA1300620,2,10/8/2021,
CA1300664,,,
CA1310001,,,
CA1310002,,,
CA1310003,,,
CA1310004,,,
CA4710007,3,10/8/2021,
CA1310006,,,
CA1310007,,,
CA1310008,3,10/8/2021,
CA1310013,,,
CA1400002,3,10/8/2021,
CA1400005,3,10/8/2021,
CA1400007,3,10/8/2021,
CA1400020,,,
CA1400024,3,10/8/2021,
CA1400025,3,10/8/2021,
CA1400026,3,10/8/2021,
CA3610021,3,10/8/2021,
CA1400031,3,10/8/2021,
CA1400036,,,
CA1400056,3,10/8/2021,
CA1400066,3,10/8/2021,
CA1400070,3,10/8/2021,
CA1610007,3,10/8/2021,
CA5410025,3,10/8/2021,
CA1400109,3,10/8/2021,
CA1400110,3,10/8/2021,
CA1400111,3,10/8/2021,
CA1400135,3,10/8/2021,
CA1400511,,,
CA4510004,3,10/8/2021,
CA1410001,,,
CA1410005,2,10/8/2021,
CA1710011,3,10/8/2021,
CA4710012,3,10/8/2021,
CA3110018,3,10/8/2021,
CA3610030,3,10/8/2021,
CA1710009,3,10/8/2021,
CA5210002,3,10/8/2021,
CA1500096,,,
CA1500209,,,
CA1500211,3,10/8/2021,
CA1500231,2,10/8/2021,
CA1500251,,,
CA0610003,3,10/8/2021,
CA1500289,2,10/8/2021,
CA1500290,,,
CA1500296,,,
CA1500314,,,
CA1510042,3,10/8/2021,
CA1500327,,,
CA1500333,,,
CA4910029,3,10/8/2021,
CA5510026,3,10/8/2021,
CA1500341,3,10/8/2021,
CA1500344,2,10/8/2021,
CA1500349,3,10/8/2021,
CA1500364,,,
CA1500371,3,10/8/2021,
CA1500374,,,
CA1910012,3,10/8/2021,
CA3610016,3,10/8/2021,
CA0310011,3,10/8/2021,
CA1500401,,,
CA1500404,3,10/8/2021,
CA1500405,2,10/8/2021,
CA1500406,2,10/8/2021,
CA1500407,,,
CA1500409,,,
CA1500424,,,
CA1410008,3,10/8/2021,
CA1500443,,,
CA1500447,2,10/8/2021,
CA1500448,3,10/8/2021,
CA1500449,,,
CA1500455,,,
CA1500458,3,10/8/2021,
CA3010008,3,10/8/2021,
CA1500465,2,10/8/2021,
CA1500466,3,10/8/2021,
CA1500475,,,
CA1500478,3,10/8/2021,
CA1500483,3,10/8/2021,
CA1500489,,,
CA0300037,3,10/8/2021,
CA1500494,,,
CA1500507,3,10/8/2021,
CA2310010,3,10/8/2021,
CA1500535,3,10/8/2021,
CA1500540,2,10/8/2021,
CA1500543,3,10/8/2021,
CA1500544,2,10/8/2021,
CA1500546,2,10/8/2021,
CA1500550,3,10/8/2021,
CA3310028,3,10/8/2021,
CA1500554,3,10/8/2021,
CA1500555,2,10/8/2021,
CA1500556,3,10/8/2021,
CA1500557,2,10/8/2021,
CA1500560,3,10/8/2021,
CA2210002,3,10/8/2021,
CA1500563,3,10/8/2021,
CA1410006,3,10/8/2021,
CA1500566,3,10/8/2021,
CA1500569,,,
CA1500575,2,10/8/2021,
CA1500578,2,10/8/2021,
CA1500579,2,10/8/2021,
CA1500584,3,10/8/2021,
CA5410022,3,10/8/2021,
CA1910023,3,10/8/2021,
CA2510002,3,10/8/2021,
CA1502056,,,
CA1502383,1,10/8/2021,
CA1502449,,,
CA1502465,,,
CA1502545,3,10/8/2021,
CA1510054,3,10/8/2021,
CA1502569,3,10/8/2021,
CA1502600,3,10/8/2021,
CA1502608,2,10/8/2021,
CA1502619,2,10/8/2021,
CA2700773,3,10/8/2021,
CA1502622,3,10/8/2021,
CA1502629,3,10/8/2021,
CA3710707,3,10/8/2021,
CA1510027,3,10/8/2021,
CA1502659,3,10/8/2021,
CA1502663,2,10/8/2021,
CA1502670,,,
CA1502690,,,
CA1502699,2,10/8/2021,
CA1502744,3,10/8/2021,
CA3600222,1,10/8/2021,
CA1510004,3,10/8/2021,
CA3710011,3,10/8/2021,
CA1503329,3,10/8/2021,
CA1503475,,,
CA2310013,3,10/8/2021,
CA2210503,3,10/8/2021,
CA1503669,3,10/8/2021,
CA1503684,2,10/8/2021,
CA1510001,,,
CA2210515,3,10/8/2021,
CA1510003,,,
CA5301002,3,10/8/2021,
CA1510005,,,
CA1510006,,,
CA1510007,,,
CA4610002,3,10/8/2021,
CA1510011,,,
CA1510012,,,
CA1510013,,,
CA2610005,3,10/8/2021,
CA1510015,,,
CA1510016,,,
CA1510017,,,
CA1510018,,,
CA1510019,,,
CA3610046,3,10/8/2021,
CA1510021,,,
CA1510022,,,
CA1510023,,,
CA1510052,3,10/8/2021,
CA3710047,3,10/8/2021,
CA1510026,,,
CA3600139,3,10/8/2021,
CA1510028,,,
CA1510029,,,
CA1510031,,,
CA1910066,3,10/8/2021,
CA1510033,,,
CA1510036,,,
CA1510038,3,10/8/2021,
CA1510039,,,
CA1510040,3,10/8/2021,
CA0800555,3,10/8/2021,
CA1510043,,,
CA1510045,,,
CA1510046,,,
CA1510049,,,
CA1510051,,,
CA1700518,3,10/8/2021,
CA1510053,3,10/8/2021,
CA1910053,3,10/8/2021,
CA1510055,,,
CA1510056,,,
CA1510703,3,10/8/2021,
CA1610001,,,
CA1610002,,,
CA1610003,,,
CA1610004,,,
CA1610005,2,10/8/2021,DDW
CA1610006,2,10/8/2021,
CA3301534,3,10/8/2021,
CA1610009,,,
CA1700502,,,
CA2310012,3,10/8/2021,
CA3400179,3,10/8/2021,
CA1700519,,,
CA1700530,2,10/8/2021,
CA1700536,,,
CA1700546,,,
CA3010097,3,10/8/2021,
CA1700554,,,
CA3700923,3,10/8/2021,
CA1700568,,,
CA1700581,,,
CA3110048,3,10/8/2021,
CA1700606,3,10/8/2021,
CA1710001,,,
CA1710002,,,
CA1710003,,,
CA1710004,,,
CA1710005,,,
CA1710006,,,
CA1710007,,,
CA1710008,,,
CA4900721,3,10/8/2021,
CA1710010,,,
CA5200508,3,10/8/2021,
CA0910018,3,10/8/2021,
CA1710013,,,
CA1710014,3,10/8/2021,
CA1710015,,,
CA1710018,,,
CA1710021,,,
CA1710022,,,
CA5304102,3,10/8/2021,
CA1800511,2,10/8/2021,
CA1800512,2,10/8/2021,
CA1800516,,,
CA1800529,3,10/8/2021,
CA1800534,,,
CA1805007,,,
CA1810001,2,10/8/2021,
CA0707576,3,10/8/2021,
CA1810003,,,
CA1810004,2,10/8/2021,
CA1900055,3,10/8/2021,
CA1900100,,,
CA1900102,3,10/8/2021,
CA1900130,2,10/8/2021,
CA1900145,2,10/8/2021,
CA1900146,1,10/8/2021,
CA1900154,,,
CA1900155,2,10/8/2021,
CA5200503,3,10/8/2021,
CA1900301,1,10/8/2021,
CA2210924,3,10/8/2021,
CA1900523,3,10/8/2021,
CA1900555,,,
CA1900563,3,10/8/2021,
CA1900636,,,
CA2300507,3,10/8/2021,
CA1900721,,,
CA1900767,,,
CA1900785,,,
CA1900913,3,10/8/2021,
CA2000521,3,10/8/2021,
CA0707613,3,10/8/2021,
CA1900808,2,10/8/2021,
CA1900809,2,10/8/2021,
CA3110043,3,10/8/2021,
CA1900843,2,10/8/2021,
CA1900849,1,10/8/2021,
CA1900903,3,10/8/2021,
CA0400007,3,10/8/2021,
CA2300708,3,10/8/2021,
CA1900942,2,10/8/2021,
CA1907014,2,10/8/2021,
CA1907028,2,10/8/2021,
CA1909006,1,10/8/2021,
CA1910001,,,
CA4500195,3,10/8/2021,
CA1910003,,,
CA1910004,,,
CA1910005,,,
CA1910006,,,
CA1910007,,,
CA1910009,,,
CA1910010,,,
CA1910011,,,
CA2700728,3,10/8/2021,
CA1910013,,,
CA1910017,,,
CA1910018,,,
CA1910019,,,
CA1910020,,,
CA1910021,,,
CA5700700,3,10/8/2021,
CA3700074,3,10/8/2021,
CA1910024,,,
CA1910025,,,
CA1910026,,,
CA1910027,,,
CA1910028,,,
CA1910029,,,
CA1910030,,,
CA1910033,,,
CA1910034,,,
CA1910035,3,10/8/2021,
CA1910036,,,
CA1910038,,,
CA1910039,,,
CA1910040,,,
CA1910042,,,
CA1910043,,,
CA1910044,,,
CA5400670,3,10/8/2021,
CA1910046,,,
CA1910047,,,
CA1900794,3,10/8/2021,
CA1910050,,,
CA1910051,,,
CA1910052,,,
CA1410505,3,10/8/2021,
CA1910054,3,10/8/2021,
CA1910056,3,10/8/2021,
CA1910059,,,
CA1910060,,,
CA1910061,,,
CA1910062,,,
CA1910063,,,
CA1910064,,,
CA1910065,,,
CA0910017,3,10/8/2021,
CA1910067,,,
CA1910070,,,
CA1910072,,,
CA1910073,3,10/8/2021,
CA1910075,,,
CA1910077,,,
CA1910079,,,
CA1910081,2,10/8/2021,
CA1910083,3,10/8/2021,
CA1910084,,,
CA1910085,,,
CA1000021,3,10/8/2021,
CA1910090,,,
CA1910091,,,
CA1910092,,,
CA1910096,,,
CA1910098,,,
CA1910099,3,10/8/2021,
CA1910101,,,
CA1910102,,,
CA1910103,1,10/8/2021,
CA1910104,,,
CA1910105,,,
CA1910108,,,
CA1910117,,,
CA1910124,,,
CA1910125,,,
CA1910126,,,
CA1910127,,,
CA1910128,3,10/8/2021,
CA1910130,,,
CA1910134,,,
CA1910139,,,
CA1910140,,,
CA1910142,,,
CA1910143,,,
CA1910144,,,
CA1910146,,,
CA1910147,,,
CA1910148,3,10/8/2021,
CA1910149,,,
CA1910152,1,10/8/2021,DDW
CA1910153,,,
CA1910154,,,
CA1910155,,,
CA1910156,3,10/8/2021,
CA1910157,1,10/8/2021,
CA1910158,2,10/8/2021,
CA1910159,,,
CA1910160,,,
CA1910161,,,
CA1910163,3,10/8/2021,
CA5400934,3,10/8/2021,
CA1910166,3,10/8/2021,
CA1910167,,,
CA3701793,3,10/8/2021,
CA1910173,,,
CA1910174,,,
CA1910179,,,
CA1910185,,,
CA1910186,,,
CA1910189,,,
CA1910191,,,
CA1910194,,,
CA1910195,,,
CA1910199,3,10/8/2021,
CA1910200,,,
CA1910203,,,
CA1910204,,,
CA1910205,,,
CA1910211,,,
CA1910212,,,
CA1910213,,,
CA1910218,,,
CA1910223,,,
CA1910225,,,
CA1910234,,,
CA1910239,,,
CA1910240,,,
CA1910241,,,
CA1910242,,,
CA1910243,,,
CA1910244,2,10/8/2021,
CA1910245,1,10/8/2021,
CA1910246,1,10/8/2021,
CA1910247,,,
CA1910248,,,
CA1910249,,,
CA1910250,,,
CA1910255,,,
CA2000293,,,
CA1200707,3,10/8/2021,
CA2000502,3,10/8/2021,
CA3100029,3,10/8/2021,
CA3400191,3,10/8/2021,
CA2000511,,,
CA2000512,2,10/8/2021,
CA4900647,3,10/8/2021,
CA2000524,1,10/8/2021,
CA2000526,3,10/8/2021,
CA2000527,2,10/8/2021,
CA2000530,2,10/8/2021,
CA0910019,3,10/8/2021,
CA2000534,2,10/8/2021,
CA3200188,3,10/8/2021,
CA2000544,,,
CA2000549,,,
CA2000551,,,
CA2000552,,,
CA2000553,,,
CA2000554,,,
CA2000557,,,
CA2000561,,,
CA2000595,2,10/8/2021,
CA2000690,,,
CA2000692,,,
CA2000724,,,
CA2000727,,,
CA2000728,,,
CA2000729,,,
CA2000737,1,10/8/2021,
CA2000757,,,
CA2000775,2,10/8/2021,
CA2000849,,,
CA2000851,,,
CA2000865,,,
CA2010001,,,
CA2010002,,,
CA2010003,3,10/8/2021,
CA2010004,,,
CA2010005,2,10/8/2021,
CA2010006,,,
CA2010007,,,
CA2010008,,,
CA2010009,,,
CA2010010,,,
CA2010011,,,
CA2010012,,,
CA2010013,,,
CA2010014,,,
CA2010016,,,
CA2010017,,,
CA2100508,3,10/8/2021,
CA2100519,3,10/8/2021,
CA2100579,3,10/8/2021,
CA2110001,,,
CA2110002,,,
CA2110003,,,
CA2110004,3,10/8/2021,
CA2110005,3,10/8/2021,
CA2110006,,,
CA2110007,,,
CA2110350,2,10/8/2021,
CA2110502,3,10/8/2021,
CA3400106,3,10/8/2021,
CA1700508,3,10/8/2021,
CA2900531,3,10/8/2021,
CA2210510,3,10/8/2021,
CA3600200,3,10/8/2021,
CA0400036,3,10/8/2021,
CA2210903,3,10/8/2021,
CA1503270,3,10/8/2021,
CA1300009,3,10/8/2021,
CA3600301,3,10/8/2021,
CA2300506,2,10/8/2021,
CA3600283,3,10/8/2021,
CA2300591,3,10/8/2021,
CA2300545,3,10/8/2021,
CA2300590,2,10/8/2021,
CA0400014,3,10/8/2021,
CA4600017,3,10/8/2021,
CA4900532,3,10/8/2021,
CA4900799,3,10/8/2021,
CA2300606,2,10/8/2021,
CA2300609,3,10/8/2021,
CA2300610,3,10/8/2021,
CA2300705,3,10/8/2021,
CA3100040,3,10/8/2021,
CA3600258,3,10/8/2021,
CA0600013,3,10/8/2021,
CA2300837,,,
CA2310001,,,
CA2310002,,,
CA2310003,,,
CA2000509,3,10/8/2021,
CA0900300,3,10/8/2021,
CA3301577,3,10/8/2021,
CA2310007,,,
CA5500104,3,10/8/2021,
CA2310009,,,
CA3600260,3,10/8/2021,
CA2310011,,,
CA4500013,3,10/8/2021,
CA4600018,3,10/8/2021,
CA2400046,3,10/8/2021,
CA2400128,2,10/8/2021,
CA2400167,,,
CA2400201,,,
CA2400209,,,
CA4900798,3,10/8/2021,
CA2410002,2,10/8/2021,
CA2410003,,,
CA2410004,2,10/8/2021,
CA2410005,,,
CA4500007,3,10/8/2021,
CA2410007,,,
CA2410008,,,
CA2410009,,,
CA0800532,3,10/8/2021,
CA2410011,,,
CA1000299,3,10/8/2021,
CA2410018,,,
CA2410700,2,10/8/2021,
CA2500503,,,
CA2500801,,,
CA2510001,2,10/8/2021,
CA4700523,3,10/8/2021,
CA2600501,3,10/8/2021,
CA2300514,3,10/8/2021,
CA2600538,3,10/8/2021,
CA2600546,3,10/8/2021,
CA2600620,3,10/8/2021,
CA3100038,3,10/8/2021,
CA2600622,2,10/8/2021,
CA4500015,3,10/8/2021,
CA2600714,3,10/8/2021,
CA2600733,,,
CA2610001,,,
CA2610002,2,10/8/2021,
CA2610003,,,
CA3700958,3,10/8/2021,
CA0707569,3,10/8/2021,
CA2700509,2,10/8/2021,
CA2700511,3,10/8/2021,
CA2700534,3,10/8/2021,
CA2700535,3,10/8/2021,
CA2700547,3,10/8/2021,
CA1200518,3,10/8/2021,
CA2700579,3,10/8/2021,
CA2700586,,,
CA2700589,3,10/8/2021,
CA2700594,3,10/8/2021,
CA2700612,3,10/8/2021,
CA2700622,3,10/8/2021,
CA2700624,,,
CA2700629,,,
CA2700634,,,
CA2700638,,,
CA2700656,3,10/8/2021,
CA2700662,,,
CA2700663,3,10/8/2021,
CA2700665,3,10/8/2021,
CA4900543,3,10/8/2021,
CA2700674,3,10/8/2021,
CA2700678,3,10/8/2021,
CA2700682,3,10/8/2021,
CA2700686,3,10/8/2021,
CA2700687,,,
CA2700691,3,10/8/2021,
CA2700702,,,
CA2700709,3,10/8/2021,
CA2700713,2,10/8/2021,
CA5400728,3,10/8/2021,
CA2700731,3,10/8/2021,
CA2700733,3,10/8/2021,
CA2700738,3,10/8/2021,
CA2700740,3,10/8/2021,
CA2700766,3,10/8/2021,
CA2210901,3,10/8/2021,
CA2701676,3,10/8/2021,
CA0400013,3,10/8/2021,
CA2700775,3,10/8/2021,
CA2700787,3,10/8/2021,
CA2700799,3,10/8/2021,
CA2701068,,,
CA2701202,,,
CA3110044,3,10/8/2021,
CA2701254,3,10/8/2021,
CA2701257,,,
CA2701263,3,10/8/2021,
CA4700531,3,10/8/2021,
CA3600158,3,10/8/2021,
CA4700528,3,10/8/2021,
CA2701364,3,10/8/2021,
CA2701423,,,
CA2701452,3,10/8/2021,
CA2701498,3,10/8/2021,
CA2701503,3,10/8/2021,
CA2701515,3,10/8/2021,
CA2701570,3,10/8/2021,
CA2701633,3,10/8/2021,
CA1700595,3,10/8/2021,
CA2701658,,,
CA2701670,3,10/8/2021,
CA3600107,3,10/8/2021,
CA2701687,,,
CA2701701,,,
CA2701731,2,10/8/2021,
CA2701740,3,10/8/2021,
CA2701789,3,10/8/2021,
CA2701800,3,10/8/2021,
CA2701822,3,10/8/2021,
CA2701882,,,
CA2701888,3,10/8/2021,
CA2701897,3,10/8/2021,
CA3701747,1,10/8/2021,
CA2701904,,,
CA2701918,3,10/8/2021,
CA2701926,3,10/8/2021,
CA2701929,,,
CA2701935,3,10/8/2021,
CA2701956,3,10/8/2021,
CA2701959,3,10/8/2021,
CA2702003,3,10/8/2021,
CA2702004,,,
CA2702007,3,10/8/2021,
CA2702026,3,10/8/2021,
CA2702055,3,10/8/2021,
CA2702073,2,10/8/2021,
CA5602115,3,10/8/2021,
CA2702110,3,10/8/2021,
CA2702135,3,10/8/2021,
CA2702140,3,10/8/2021,
CA2702148,3,10/8/2021,
CA3301511,3,10/8/2021,
CA2702388,3,10/8/2021,
CA2702409,3,10/8/2021,
CA2702439,3,10/8/2021,
CA2702466,1,10/8/2021,
CA2000506,3,10/8/2021,
CA2702521,3,10/8/2021,
CA2702554,3,10/8/2021,
CA2702588,3,10/8/2021,
CA2702608,3,10/8/2021,
CA2710001,,,
CA2710004,,,
CA0600012,3,10/8/2021,
CA2710006,,,
CA2710007,,,
CA2710008,1,10/8/2021,
CA2710009,,,
CA2710010,,,
CA2710011,,,
CA2710012,,,
CA2710013,,,
CA2710016,3,10/8/2021,
CA2710017,,,
CA2710018,,,
CA2710019,,,
CA2710020,3,10/8/2021,
CA2710021,,,
CA2710022,,,
CA2710023,,,
CA2800035,,,
CA2800516,3,10/8/2021,
CA2800521,2,10/8/2021,
CA2800525,3,10/8/2021,
CA2800526,,,
CA2800527,2,10/8/2021,
CA2800528,3,10/8/2021,
CA2800530,,,
CA2800532,3,10/8/2021,
CA2800543,3,10/8/2021,
CA2800625,3,10/8/2021,
CA2801080,3,10/8/2021,
CA2810001,3,10/8/2021,
CA2810002,,,
CA2810003,,,
CA2810004,,,
CA2810005,,,
CA2810007,,,
CA1100237,3,10/8/2021,
CA2810009,2,10/8/2021,
CA2810013,,,
CA2810014,2,10/8/2021,
CA2210906,3,10/8/2021,
CA2900511,,,
CA2900523,,,
CA1500459,3,10/8/2021,
CA1500393,3,10/8/2021,
CA3200150,3,10/8/2021,
CA3301180,3,10/8/2021,
CA2910001,,,
CA2910002,,,
CA2910003,,,
CA2910004,,,
CA2910006,,,
CA2910010,,,
CA2910014,,,
CA2910016,,,
CA2910023,,,
CA4500317,3,10/8/2021,
CA4700549,3,10/8/2021,
CA3000618,3,10/8/2021,
CA3000825,3,10/8/2021,
CA3010001,,,
CA3010002,,,
CA3010003,,,
CA3010004,,,
CA5400732,3,10/8/2021,
CA3010010,,,
CA3010017,,,
CA3010018,,,
CA3010022,,,
CA3010023,,,
CA3010027,,,
CA3010030,,,
CA3010035,,,
CA3010036,,,
CA3010037,3,10/8/2021,
CA3010038,,,
CA3010041,3,10/8/2021,
CA3010042,,,
CA3010046,,,
CA3010047,,,
CA3010053,,,
CA3010062,,,
CA3010064,,,
CA3010068,,,
CA3010069,,,
CA3010073,,,
CA3010079,,,
CA3010082,,,
CA3010092,,,
CA3010093,3,10/8/2021,
CA3010094,,,
CA5800820,3,10/8/2021,
CA3010100,2,10/8/2021,
CA3010101,,,
CA3100011,,,
CA3100014,2,10/8/2021,
CA3100019,3,10/8/2021,
CA1100436,3,10/8/2021,
CA2300605,3,10/8/2021,
CA2900562,3,10/8/2021,
CA3100041,2,10/8/2021,
CA3100058,,,
CA3100528,3,10/8/2021,
CA0310018,3,10/8/2021,
CA3103310,3,10/8/2021,
CA3107339,3,10/8/2021,
CA3110001,2,10/8/2021,
CA3110003,,,
CA3110004,,,
CA3110005,,,
CA3110006,,,
CA3110008,,,
CA3110009,3,10/8/2021,
CA3301512,3,10/8/2021,
CA3110011,3,10/8/2021,
CA3110012,2,10/8/2021,
CA3110013,3,10/8/2021,
CA3110015,2,10/8/2021,
CA3110017,3,10/8/2021,
CA2700772,3,10/8/2021,
CA3110019,2,10/8/2021,
CA3110020,,,
CA3110022,3,10/8/2021,
CA3110023,2,10/8/2021,
CA3110024,,,
CA3110025,,,
CA3110026,,,
CA3110028,3,10/8/2021,
CA3600012,3,10/8/2021,
CA3110031,3,10/8/2021,
CA3110034,1,10/8/2021,
CA3110035,3,10/8/2021,
CA3110036,2,10/8/2021,
CA3110040,,,
CA3110041,3,10/8/2021,
CA3110042,2,10/8/2021,
CA1500493,3,10/8/2021,
CA3600180,3,10/8/2021,
CA3110047,3,10/8/2021,
CA4200842,3,10/8/2021,
CA3110049,,,
CA3110050,,,
CA3110051,3,10/8/2021,
CA3110124,,,
CA3110150,,,
CA5400968,3,10/8/2021,
CA3200102,2,10/8/2021,
CA3200104,,,
CA3200107,2,10/8/2021,
CA3200134,3,10/8/2021,
CA5500120,3,10/8/2021,
CA3200155,2,10/8/2021,
CA1200501,3,10/8/2021,
CA4500313,3,10/8/2021,
CA3200509,,,
CA3200510,2,10/8/2021,
CA3205001,3,10/8/2021,
CA1900303,1,10/8/2021,
CA3205006,2,10/8/2021,
CA3210003,2,10/8/2021,
CA3210004,,,
CA4700880,3,10/8/2021,
CA3210006,3,10/8/2021,
CA3210009,,,
CA3210010,1,10/8/2021,
CA3210011,,,
CA3301381,3,10/8/2021,
CA3301031,,,
CA3301107,2,10/8/2021,
CA4900797,3,10/8/2021,
CA1503226,3,10/8/2021,
CA3301169,1,10/8/2021,
CA3301114,3,10/8/2021,
CA3301226,,,
CA3301283,3,10/8/2021,
CA3301294,,,
CA5200570,3,10/8/2021,
CA3301428,2,10/8/2021,
CA3301491,1,10/8/2021,
CA1700549,3,10/8/2021,
CA2300730,3,10/8/2021,
CA1500525,3,10/8/2021,
CA3301529,,,
CA4500173,3,10/8/2021,
CA3301535,,,
CA4500235,3,10/8/2021,
CA3600156,3,10/8/2021,
CA5602103,3,10/8/2021,
CA3301630,2,10/8/2021,
CA3600089,3,10/8/2021,
CA1000005,3,10/8/2021,
CA3301775,1,10/8/2021,
CA3301877,3,10/8/2021,
CA2000538,3,10/8/2021,
CA3310001,,,
CA3310002,,,
CA3310003,1,10/8/2021,
CA3310004,,,
CA3310005,,,
CA3310006,,,
CA3310007,,,
CA3310008,,,
CA3310009,,,
CA3310012,,,
CA3310016,,,
CA3310017,,,
CA3310018,,,
CA3310019,,,
CA3310020,,,
CA3310021,,,
CA3310022,,,
CA3310025,,,
CA3310026,,,
CA5000008,3,10/8/2021,
CA3310029,,,
CA1200541,3,10/8/2021,
CA3310031,,,
CA3310032,,,
CA3310033,2,10/8/2021,
CA3310036,,,
CA3310037,,,
CA3310038,,,
CA3310040,3,10/8/2021,
CA3310044,,,
CA3310046,,,
CA3310047,,,
CA4500014,3,10/8/2021,
CA3310049,,,
CA3310051,,,
CA3310074,,,
CA3310076,,,
CA3310078,,,
CA3310081,,,
CA3310082,,,
CA4500028,3,10/8/2021,
CA4900588,3,10/8/2021,
CA5301102,3,10/8/2021,
CA0800557,3,10/8/2021,
CA3400138,2,10/8/2021,
CA3400149,2,10/8/2021,
CA3610082,3,10/8/2021,
CA4900578,3,10/8/2021,
CA0600005,3,10/8/2021,
CA3400172,2,10/8/2021,
CA1400098,3,10/8/2021,
CA4900611,3,10/8/2021,
CA3400217,3,10/8/2021,
CA3400229,1,10/8/2021,
CA3400401,2,10/8/2021,
CA3410001,,,
CA3410002,3,10/8/2021,
CA3410003,,,
CA3410004,,,
CA3410005,2,10/8/2021,
CA3410006,3,10/8/2021,
CA3410007,,,
CA3410008,,,
CA3410009,2,10/8/2021,DDW
CA3410010,,,
CA3410011,,,
CA3410012,,,
CA3410013,,,
CA3410014,,,
CA3410015,,,
CA3410016,,,
CA3410017,,,
CA3410018,,,
CA3410020,,,
CA3410021,,,
CA3410023,,,
CA3410029,3,10/8/2021,
CA3410030,,,
CA3410031,,,
CA3410033,2,10/8/2021,
CA3410045,,,
CA3410047,,,
CA3410704,3,10/8/2021,
CA3500006,2,10/8/2021,
CA3500509,,,
CA3500510,2,10/8/2021,
CA3500511,2,10/8/2021,
CA3500549,3,10/8/2021,
CA3500550,2,10/8/2021,
CA3500552,3,10/8/2021,
CA3500575,2,10/8/2021,
CA3500576,3,10/8/2021,
CA3500578,3,10/8/2021,
CA3500581,2,10/8/2021,
CA3500823,3,10/8/2021,
CA3500825,2,10/8/2021,
CA3500900,3,10/8/2021,
CA3500904,2,10/8/2021,
CA3500910,2,10/8/2021,
CA3500911,,,
CA3500912,3,10/8/2021,
CA3500923,2,10/8/2021,
CA3500930,,,
CA3510001,,,
CA3510002,,,
CA3510003,,,
CA3510004,3,10/8/2021,
CA3600008,,,
CA3600009,,,
CA3600010,,,
CA5200502,3,10/8/2021,
CA3600022,2,10/8/2021,
CA3600025,2,10/8/2021,
CA3600027,2,10/8/2021,
CA5400504,3,10/8/2021,
CA4500006,3,10/8/2021,
CA3600071,2,10/8/2021,
CA3600086,1,10/8/2021,
CA3600087,,,
CA4700551,3,10/8/2021,
CA1000244,3,10/8/2021,
CA5000080,3,10/8/2021,
CA3600114,,,
CA3600123,2,10/8/2021,
CA5500119,3,10/8/2021,
CA2000533,3,10/8/2021,
CA3600157,2,10/8/2021,
CA3301676,3,10/8/2021,
CA3600166,2,10/8/2021,
CA4900788,3,10/8/2021,
CA0706005,3,10/8/2021,
CA3600185,1,10/8/2021,
CA3600196,,,
CA1900693,3,10/8/2021,
CA2900530,3,10/8/2021,
CA3600220,,,
CA0901217,3,10/8/2021,
CA3600226,,,
CA5200007,3,10/8/2021,
CA1100445,3,10/8/2021,
CA3600270,,,
CA3600279,,,
CA4900577,3,10/8/2021,
CA3900755,3,10/8/2021,
CA3600306,,,
CA3600345,1,10/8/2021,
CA3600372,1,10/8/2021,
CA3600382,,,
CA3600385,2,10/8/2021,
CA3600399,,,
CA3601048,,,
CA3610001,1,10/8/2021,DDW
CA4200870,3,10/8/2021,
CA3610003,,,
CA3610004,,,
CA3610005,,,
CA3610008,,,
CA5500128,3,10/8/2021,
CA0900308,3,10/8/2021,
CA3610012,1,10/8/2021,
CA3610013,,,
CA3610014,1,10/8/2021,DDW
CA3610015,,,
CA1100203,3,10/8/2021,
CA3610017,,,
CA3610018,,,
CA1502564,3,10/8/2021,
CA1900936,3,10/8/2021,
CA5000055,3,10/8/2021,
CA3610024,,,
CA3610025,,,
CA3610026,,,
CA3610028,,,
CA3610029,,,
CA5510503,3,10/8/2021,
CA1500378,1,10/8/2021,
CA3610032,,,
CA3610034,,,
CA3610036,,,
CA3610037,,,
CA3610038,,,
CA3610039,,,
CA3610041,,,
CA3610043,,,
CA1800503,3,10/8/2021,
CA3610045,,,
CA2300832,3,10/8/2021,
CA3610047,,,
CA3610048,,,
CA3610049,,,
CA3610050,1,10/8/2021,DDW
CA3610051,,,
CA3610052,,,
CA3610053,,,
CA3610055,,,
CA3610057,,,
CA3301011,3,10/8/2021,
CA3610062,,,
CA3610063,,,
CA3610064,,,
CA3610073,,,
CA3400169,3,10/8/2021,
CA3610085,2,10/8/2021,
CA3610086,3,10/8/2021,
CA4300546,3,10/8/2021,
CA3610107,,,
CA3610108,,,
CA3610109,,,
CA3610110,,,
CA3610112,,,
CA3610117,,,
CA3610118,,,
CA3610120,,,
CA3610121,,,
CA3610125,,,
CA3610129,3,10/8/2021,
CA4900792,3,10/8/2021,
CA3700041,2,10/8/2021,
CA3700071,2,10/8/2021,
CA3700073,2,10/8/2021,
CA5400718,3,10/8/2021,
CA3700277,3,10/8/2021,
CA3700291,,,
CA3700422,3,10/8/2021,
CA3700859,,,
CA3700866,3,10/8/2021,
CA3700897,3,10/8/2021,
CA3700905,,,
CA3700909,2,10/8/2021,
CA3700918,3,10/8/2021,
CA3700922,,,
CA1910045,3,10/8/2021,
CA3700924,,,
CA3700933,2,10/8/2021,
CA3700934,1,10/8/2021,
CA3700936,2,10/8/2021,
CA3700937,3,10/8/2021,
CA3700938,3,10/8/2021,
CA3301541,3,10/8/2021,
CA3700962,2,10/8/2021,
CA3701184,,,
CA3701408,3,10/8/2021,
CA3600070,3,10/8/2021,
CA5400940,3,10/8/2021,
CA1500252,3,10/8/2021,
CA3701837,2,10/8/2021,
CA3701988,2,10/8/2021,
CA3701995,3,10/8/2021,
CA3710001,,,
CA3710002,,,
CA3710004,3,10/8/2021,
CA3710005,,,
CA3710006,,,
CA3710008,,,
CA3710009,3,10/8/2021,
CA3710010,,,
CA1900817,3,10/8/2021,
CA3710012,3,10/8/2021,
CA3710013,,,
CA3710014,,,
CA3710015,,,
CA3710016,,,
CA3710018,,,
CA3710019,,,
CA3710020,,,
CA3710021,,,
CA3710023,,,
CA3710025,,,
CA3710026,,,
CA3710027,,,
CA3710029,,,
CA3710034,,,
CA3710036,,,
CA3710037,,,
CA3710039,3,10/8/2021,
CA5400523,3,10/8/2021,
CA3710044,,,
CA1000040,3,10/8/2021,
CA1502653,3,10/8/2021,
CA1900804,3,10/8/2021,
CA0707572,3,10/8/2021,
CA3710750,3,10/8/2021,
CA3810001,,,
CA3810003,,,
CA3810008,,,
CA3810011,,,
CA3810700,3,10/8/2021,
CA3810702,,,
CA3900504,,,
CA3900505,3,10/8/2021,
CA3900512,,,
CA3900517,,,
CA3900523,,,
CA3900543,,,
CA3900558,,,
CA3900561,3,10/8/2021,
CA3900563,,,
CA2900502,3,10/8/2021,
CA3900637,1,10/8/2021,
CA3900682,2,10/8/2021,
CA3900702,,,
CA3900714,,,
CA3900719,3,10/8/2021,
CA3900720,,,
CA3900722,,,
CA3900724,,,
CA3900733,3,10/8/2021,
CA3600088,3,10/8/2021,
CA3900805,3,10/8/2021,
CA3900831,3,10/8/2021,
CA3900927,,,
CA3901075,,,
CA3901092,,,
CA3901113,,,
CA3901159,,,
CA3901172,,,
CA3901216,,,
CA3901303,,,
CA3901337,,,
CA3901348,,,
CA3910001,,,
CA3910002,3,10/8/2021,
CA3910003,,,
CA3910004,,,
CA3910005,,,
CA3910007,,,
CA4200612,3,10/8/2021,
CA3910009,,,
CA3910010,,,
CA3910011,,,
CA3910012,3,10/8/2021,
CA3910014,,,
CA3910015,,,
CA3910017,,,
CA3910019,,,
CA3910022,,,
CA3910023,,,
CA3910024,,,
CA3910027,3,10/8/2021,
CA4000200,3,10/8/2021,
CA4000202,3,10/8/2021,
CA4000203,3,10/8/2021,
CA4000214,3,10/8/2021,
CA4000222,2,10/8/2021,
CA4000230,3,10/8/2021,
CA4000501,2,10/8/2021,
CA4000506,2,10/8/2021,
CA4000507,,,
CA4000523,2,10/8/2021,
CA4000554,3,10/8/2021,
CA4000568,,,
CA4000631,3,10/8/2021,
CA4000637,3,10/8/2021,
CA4000650,3,10/8/2021,
CA4000653,,,
CA4000654,3,10/8/2021,
CA4000660,3,10/8/2021,
CA4000670,3,10/8/2021,
CA4000705,3,10/8/2021,
CA4400605,3,10/8/2021,
CA4000741,3,10/8/2021,
CA4000744,2,10/8/2021,
CA4000749,3,10/8/2021,
CA4000750,3,10/8/2021,
CA4000765,3,10/8/2021,
CA4000771,3,10/8/2021,
CA4000775,3,10/8/2021,
CA4000789,3,10/8/2021,
CA4000802,3,10/8/2021,
CA4000803,3,10/8/2021,
CA4000805,3,10/8/2021,
CA4000808,3,10/8/2021,
CA4700872,3,10/8/2021,
CA4000834,,,
CA4010001,,,
CA4010002,,,
CA4010003,3,10/8/2021,
CA4010004,,,
CA4010005,,,
CA0800526,3,10/8/2021,
CA4010007,,,
CA4010008,,,
CA4010009,,,
CA4010010,,,
CA4010011,,,
CA4010012,1,10/8/2021,
CA4010014,,,
CA2600621,3,10/8/2021,
CA4010016,3,10/8/2021,
CA4010017,,,
CA4010018,,,
CA4010019,,,
CA4010023,,,
CA4010024,,,
CA4010025,2,10/8/2021,
CA4010026,,,
CA4010027,2,10/8/2021,
CA4010028,,,
CA4010040,,,
CA4010081,3,10/8/2021,
CA4010901,,,
CA4100503,3,10/8/2021,
CA4100509,3,10/8/2021,
CA4100510,,,
CA4100512,3,10/8/2021,
CA4100529,,,
CA4100533,3,10/8/2021,
CA4100539,3,10/8/2021,
CA4100555,3,10/8/2021,
CA4100582,3,10/8/2021,
CA4110001,,,
CA4110002,,,
CA4110003,3,10/8/2021,
CA4110005,,,
CA4110006,,,
CA4110007,,,
CA4110008,,,
CA4110009,,,
CA4110010,3,10/8/2021,
CA4110011,,,
CA4110012,3,10/8/2021,
CA4110013,,,
CA4110016,3,10/8/2021,
CA4110017,,,
CA4110018,,,
CA4110019,3,10/8/2021,
CA4110020,,,
CA4110021,,,
CA4110022,,,
CA4110023,2,10/8/2021,
CA4110024,,,
CA4110025,,,
CA4110027,,,
CA4200556,,,
CA4200560,,,
CA4200572,3,10/8/2021,
CA4200578,3,10/8/2021,
CA2701279,3,10/8/2021,
CA4200580,3,10/8/2021,
CA1500336,3,10/8/2021,
CA4200616,3,10/8/2021,
CA4200619,3,10/8/2021,
CA4200633,3,10/8/2021,
CA4200678,3,10/8/2021,
CA4200684,3,10/8/2021,
CA4200693,3,10/8/2021,
CA4200702,3,10/8/2021,
CA4200703,2,10/8/2021,
CA4200714,1,10/8/2021,
CA4200731,3,10/8/2021,
CA4200800,3,10/8/2021,
CA4200802,3,10/8/2021,
CA4200804,3,10/8/2021,
CA4200807,3,10/8/2021,
CA4200814,,,
CA4200822,3,10/8/2021,
CA4200837,3,10/8/2021,
CA2700503,3,10/8/2021,
CA4200848,3,10/8/2021,
CA4200851,2,10/8/2021,
CA4200862,3,10/8/2021,
CA4200867,3,10/8/2021,
CA2700771,3,10/8/2021,
CA4200881,3,10/8/2021,
CA4200885,3,10/8/2021,
CA4200891,3,10/8/2021,
CA4210001,,,
CA4210002,3,10/8/2021,
CA4210003,,,
CA4210004,,,
CA4210006,,,
CA4210007,,,
CA4210009,,,
CA4210010,,,
CA4210011,,,
CA4210013,,,
CA4210016,,,
CA4210017,,,
CA4210018,,,
CA4210019,,,
CA4210020,,,
CA4210021,,,
CA4210022,,,
CA4210024,3,10/8/2021,
CA4210028,,,
CA4300516,3,10/8/2021,
CA4300517,3,10/8/2021,
CA4300520,3,10/8/2021,
CA4300521,2,10/8/2021,
CA4300522,3,10/8/2021,
CA4300525,3,10/8/2021,
CA4300526,3,10/8/2021,
CA4300542,3,10/8/2021,
CA4300543,,,
CA4300545,3,10/8/2021,
CA3000519,3,10/8/2021,
CA4300550,3,10/8/2021,
CA4300551,3,10/8/2021,
CA4300560,3,10/8/2021,
CA4300562,3,10/8/2021,
CA4300563,3,10/8/2021,
CA4300567,3,10/8/2021,
CA4300571,3,10/8/2021,
CA4300573,3,10/8/2021,
CA4300575,,,
CA4300577,3,10/8/2021,
CA4300578,3,10/8/2021,
CA4300630,2,10/8/2021,
CA4300637,3,10/8/2021,
CA4300638,3,10/8/2021,
CA4300716,3,10/8/2021,
CA4300740,3,10/8/2021,
CA4300741,3,10/8/2021,
CA4300760,3,10/8/2021,
CA4300770,3,10/8/2021,
CA4300771,3,10/8/2021,
CA4300792,3,10/8/2021,
CA4300831,3,10/8/2021,
CA4300856,,,
CA4500027,3,10/8/2021,
CA4300978,3,10/8/2021,
CA4300979,3,10/8/2021,
CA4300992,3,10/8/2021,
CA4300996,3,10/8/2021,
CA4301004,3,10/8/2021,
CA4301013,3,10/8/2021,
CA4310001,,,
CA4310004,,,
CA4310005,2,10/8/2021,
CA4310006,,,
CA4310007,,,
CA4310009,,,
CA4310011,,,
CA4310012,,,
CA4310013,3,10/8/2021,
CA4310014,,,
CA4310018,,,
CA4310019,,,
CA4310020,,,
CA4310021,3,10/8/2021,
CA4310022,,,
CA5400529,3,10/8/2021,
CA4400502,1,10/8/2021,
CA4400526,1,10/8/2021,
CA4400528,3,10/8/2021,
CA0800556,3,10/8/2021,
CA4400558,3,10/8/2021,
CA4400559,2,10/8/2021,
CA4400571,3,10/8/2021,
CA4400572,3,10/8/2021,
CA4400582,3,10/8/2021,
CA4400585,3,10/8/2021,
CA4400595,,,
CA4400598,3,10/8/2021,
CA4400599,2,10/8/2021,
CA1200592,3,10/8/2021,
CA4400608,3,10/8/2021,
CA4400611,2,10/8/2021,
CA1700561,3,10/8/2021,
CA4400617,2,10/8/2021,
CA4400618,2,10/8/2021,
CA4400621,3,10/8/2021,
CA2701898,3,10/8/2021,
CA4400631,,,
CA4400642,3,10/8/2021,
CA4400645,2,10/8/2021,
CA4400652,,,
CA4400665,1,10/8/2021,
CA4400692,3,10/8/2021,
CA4400755,2,10/8/2021,
CA4410001,,,
CA4410002,,,
CA4410008,,,
CA4410010,,,
CA4410011,,,
CA4410013,,,
CA4410014,,,
CA4410017,,,
CA4410018,3,10/8/2021,
CA4500003,3,10/8/2021,
CA3205003,3,10/8/2021,
CA4900560,3,10/8/2021,
CA4500008,3,10/8/2021,
CA1400027,3,10/8/2021,
CA4500012,3,10/8/2021,
CA2700548,3,10/8/2021,
CA5200535,3,10/8/2021,
CA1500585,3,10/8/2021,
CA4500018,,,
CA4500022,,,
CA4900510,3,10/8/2021,
CA5400881,3,10/8/2021,
CA0500019,3,10/8/2021,
CA1200566,3,10/8/2021,
CA3301115,3,10/8/2021,
CA4500204,3,10/8/2021,
CA4500210,2,10/8/2021,
CA3400103,3,10/8/2021,
CA5301017,3,10/8/2021,
CA1200547,3,10/8/2021,
CA1500340,3,10/8/2021,
CA1500436,3,10/8/2021,
CA4510001,,,
CA4510002,,,
CA4510003,2,10/8/2021,
CA1900158,3,10/8/2021,
CA4510005,,,
CA4510006,,,
CA4510007,,,
CA4510008,,,
CA4510011,,,
CA4510013,,,
CA4510014,,,
CA4510015,,,
CA4510016,,,
CA4600009,2,10/8/2021,
CA4600012,,,
CA3000585,3,10/8/2021,
CA5400805,3,10/8/2021,
CA4600019,3,10/8/2021,
CA4600056,,,
CA4610001,2,10/8/2021,
CA0400019,3,10/8/2021,
CA4700503,2,10/8/2021,
CA4700513,1,10/8/2021,
CA4700521,,,
CA1000063,3,10/8/2021,
CA1200544,3,10/8/2021,
CA5400536,3,10/8/2021,
CA3301682,3,10/8/2021,
CA3400130,3,10/8/2021,
CA4500303,3,10/8/2021,
CA4700638,3,10/8/2021,
CA4700686,2,10/8/2021,
CA1400072,3,10/8/2021,
CA1500324,3,10/8/2021,
CA4700884,,,
CA4710001,,,
CA3400156,3,10/8/2021,
CA4710003,,,
CA4710004,,,
CA4710006,,,
CA3600209,3,10/8/2021,
CA4710008,,,
CA4710009,,,
CA4710010,2,10/8/2021,
CA4710011,,,
CA4000815,3,10/8/2021,
CA4500009,3,10/8/2021,
CA4800561,,,
CA4800564,2,10/8/2021,
CA4800589,3,10/8/2021,
CA4810001,,,
CA4810002,,,
CA4810003,,,
CA4810004,,,
CA4810005,,,
CA4810007,,,
CA4810008,,,
CA4810009,,,
CA4810010,,,
CA4810011,,,
CA4810012,,,
CA4810013,3,10/8/2021,
CA4810021,,,
CA4810024,,,
CA4810025,,,
CA4810026,,,
CA4900508,2,10/8/2021,
CA0400149,3,10/8/2021,
CA4900512,3,10/8/2021,
CA4900513,3,10/8/2021,
CA4900514,,,
CA4900521,3,10/8/2021,
CA0707501,3,10/8/2021,
CA4900533,3,10/8/2021,
CA4900536,3,10/8/2021,
CA1500398,3,10/8/2021,
CA4900545,3,10/8/2021,
CA4900546,,,
CA4900547,3,10/8/2021,
CA4900548,3,10/8/2021,
CA4900549,3,10/8/2021,
CA4900551,1,10/8/2021,
CA4900552,3,10/8/2021,
CA4900553,3,10/8/2021,
CA4900558,,,
CA4900559,3,10/8/2021,
CA2600532,3,10/8/2021,
CA4900561,3,10/8/2021,
CA4900562,3,10/8/2021,
CA4900563,3,10/8/2021,
CA3600184,3,10/8/2021,
CA4900570,3,10/8/2021,
CA4900573,3,10/8/2021,
CA4900575,3,10/8/2021,
CA4300912,3,10/8/2021,
CA2702520,3,10/8/2021,
CA4900580,2,10/8/2021,
CA4900584,3,10/8/2021,
CA4900585,3,10/8/2021,
CA4900644,3,10/8/2021,
CA4900599,2,10/8/2021,
CA4900603,3,10/8/2021,
CA4900605,3,10/8/2021,
CA3400101,3,10/8/2021,
CA3600064,3,10/8/2021,
CA4900612,3,10/8/2021,
CA4900620,3,10/8/2021,
CA4900630,3,10/8/2021,
CA0400155,3,10/8/2021,
CA4900637,1,10/8/2021,
CA4900639,3,10/8/2021,
CA2300604,3,10/8/2021,
CA4900641,2,10/8/2021,
CA4000716,3,10/8/2021,
CA4400557,3,10/8/2021,
CA4900634,3,10/8/2021,
CA4900653,3,10/8/2021,
CA4900660,3,10/8/2021,
CA4900665,3,10/8/2021,
CA4900667,3,10/8/2021,
CA4900669,3,10/8/2021,
CA4900673,1,10/8/2021,
CA1503536,3,10/8/2021,
CA4900736,3,10/8/2021,
CA4900785,,,
CA2000501,3,10/8/2021,
CA5200014,3,10/8/2021,
CA4900793,3,10/8/2021,
CA0800825,3,10/8/2021,
CA2300502,3,10/8/2021,
CA2900529,3,10/8/2021,
CA4900832,3,10/8/2021,
CA4900843,3,10/8/2021,
CA4900846,3,10/8/2021,
CA4900850,3,10/8/2021,
CA4900892,3,10/8/2021,
CA4900893,3,10/8/2021,
CA4900901,2,10/8/2021,
CA4900905,3,10/8/2021,
CA4900973,3,10/8/2021,
CA4901062,3,10/8/2021,
CA4901071,3,10/8/2021,
CA4901246,3,10/8/2021,
CA4500314,3,10/8/2021,
CA4901355,3,10/8/2021,
CA4901381,3,10/8/2021,
CA4910002,,,
CA4910003,,,
CA4910004,,,
CA4910005,,,
CA4910006,,,
CA4910007,3,10/8/2021,
CA4910008,3,10/8/2021,
CA4910009,,,
CA4910010,3,10/8/2021,
CA4910011,,,
CA4910012,,,
CA4910013,,,
CA4910014,,,
CA4910016,,,
CA4910017,,,
CA4910018,,,
CA4910019,1,10/8/2021,
CA4910021,3,10/8/2021,
CA4910022,,,
CA4910023,,,
CA4910024,,,
CA4910025,,,
CA4910028,,,
CA5601137,3,10/8/2021,
CA5000005,,,
CA1200587,3,10/8/2021,
CA5000010,3,10/8/2021,
CA5000019,,,
CA5000054,3,10/8/2021,
CA5200500,3,10/8/2021,
CA0300053,3,10/8/2021,
CA5000389,2,10/8/2021,
CA5000408,,,
CA5000433,3,10/8/2021,
CA5010005,,,
CA5010006,,,
CA5010007,2,10/8/2021,
CA5010008,,,
CA5010009,,,
CA5010010,,,
CA5010013,,,
CA5010014,,,
CA5010017,,,
CA5010018,,,
CA5010019,,,
CA5010021,3,10/8/2021,
CA5010023,,,
CA5010026,,,
CA5010028,,,
CA5010029,,,
CA5010031,,,
CA5010033,,,
CA5010034,,,
CA5010035,,,
CA5010039,3,10/8/2021,
CA5010042,,,
CA5100107,,,
CA5110001,,,
CA5110002,,,
CA5110007,,,
CA0400123,3,10/8/2021,
CA5200008,2,10/8/2021,
CA5200010,,,
CA5200012,,,
CA5200013,2,10/8/2021,
CA1200718,3,10/8/2021,
CA1500553,3,10/8/2021,
CA4400613,3,10/8/2021,
CA4700630,3,10/8/2021,
CA5200504,,,
CA0409181,3,10/8/2021,
CA5200531,,,
CA5200534,2,10/8/2021,
CA2702374,3,10/8/2021,
CA5200546,,,
CA5200548,,,
CA5200550,,,
CA3200078,3,10/8/2021,
CA5200558,,,
CA5200559,,,
CA5200560,,,
CA5200562,2,10/8/2021,
CA4900568,3,10/8/2021,
CA5200574,,,
CA5200575,,,
CA5200645,1,10/8/2021,
CA5200657,,,
CA3900586,3,10/8/2021,
CA5201147,3,10/8/2021,
CA5210001,1,10/8/2021,
CA4900608,3,10/8/2021,
CA5210003,,,
CA5210004,,,
CA5210005,,,
CA5301001,,,
CA0400042,3,10/8/2021,
CA5301010,,,
CA3400150,3,10/8/2021,
CA5301101,2,10/8/2021,
CA4500098,3,10/8/2021,
CA5301103,2,10/8/2021,
CA5301104,2,10/8/2021,
CA5301201,,,
CA5303002,,,
CA1500593,3,10/8/2021,
CA5304109,2,10/8/2021,
CA5304501,,,
CA1502750,3,10/8/2021,
CA2701647,3,10/8/2021,
CA2702094,3,10/8/2021,
CA5400506,2,10/8/2021,
CA3301588,3,10/8/2021,
CA3701780,3,10/8/2021,
CA1206002,3,10/8/2021,
CA5400542,,,
CA5400544,,,
CA5400550,,,
CA5400553,,,
CA5400556,3,10/8/2021,
CA5400567,,,
CA5400616,3,10/8/2021,
CA5400641,,,
CA5400647,,,
CA5400655,,,
CA2300596,3,10/8/2021,
CA5400665,,,
CA5400666,,,
CA3200195,3,10/8/2021,
CA5400682,,,
CA5400710,3,10/8/2021,
CA3301502,3,10/8/2021,
CA4200579,3,10/8/2021,
CA4400625,3,10/8/2021,
CA5400660,3,10/8/2021,
CA5400754,,,
CA5400767,,,
CA5800827,3,10/8/2021,
CA5400819,2,10/8/2021,
CA5400824,,,
CA1500561,3,10/8/2021,
CA5400903,,,
CA1502620,3,10/8/2021,
CA5400935,,,
CA4900640,3,10/8/2021,
CA5400964,,,
CA5200555,3,10/8/2021,
CA5401003,,,
CA5401026,2,10/8/2021,
CA5401038,2,10/8/2021,
CA5402038,,,
CA5402048,,,
CA5403023,,,
CA5403043,,,
CA5403110,3,10/8/2021,
CA5403113,,,
CA5403144,,,
CA5403212,,,
CA5403217,,,
CA5410001,,,
CA5410002,,,
CA0400003,3,10/8/2021,
CA5410004,,,
CA5410006,,,
CA5410007,1,10/8/2021,
CA1502645,3,10/8/2021,
CA5410009,,,
CA5410010,,,
CA5410011,,,
CA5410012,,,
CA5410014,,,
CA5410015,,,
CA5410016,,,
CA5410017,,,
CA5410019,,,
CA5410020,,,
CA5410021,,,
CA2700669,3,10/8/2021,
CA5410024,,,
CA2701278,3,10/8/2021,
CA5410026,,,
CA5410034,,,
CA5410036,2,10/8/2021,
CA4900646,3,10/8/2021,
CA5410039,,,
CA5410041,,,
CA5410048,,,
CA5410050,,,
CA5500019,,,
CA5500040,,,
CA5500041,,,
CA5500042,3,10/8/2021,
CA5500053,1,10/8/2021,
CA5500057,2,10/8/2021,
CA5500060,3,10/8/2021,
CA5500064,2,10/8/2021,
CA5500074,3,10/8/2021,
CA5500077,3,10/8/2021,
CA5500080,3,10/8/2021,
CA5500086,2,10/8/2021,
CA5500092,3,10/8/2021,
CA4901309,3,10/8/2021,
CA5500116,2,10/8/2021,
CA1400518,3,10/8/2021,
CA1500591,3,10/8/2021,
CA2600699,3,10/8/2021,
CA5500243,2,10/8/2021,
CA5500353,2,10/8/2021,
CA5500363,,,
CA5510001,,,
CA5510002,,,
CA5510003,,,
CA5510004,,,
CA5510005,,,
CA5510006,3,10/8/2021,
CA5510007,,,
CA5510008,,,
CA5510009,,,
CA3100538,3,10/8/2021,
CA5510012,,,
CA5510013,,,
CA5510015,,,
CA5510016,,,
CA5510021,,,
CA5510023,2,10/8/2021,
CA5510024,1,10/8/2021,
CA5510025,,,
CA5400744,3,10/8/2021,
CA5510028,,,
CA5510033,,,
CA5610080,3,10/8/2021,
CA5601104,2,10/8/2021,
CA5601105,2,10/8/2021,
CA5601106,3,10/8/2021,
CA5601110,1,10/8/2021,
CA5601116,3,10/8/2021,
CA5601117,2,10/8/2021,
CA5601119,2,10/8/2021,
CA5601120,3,10/8/2021,
CA5601122,3,10/8/2021,
CA5601125,3,10/8/2021,
CA5601134,2,10/8/2021,
CA1200590,3,10/8/2021,
CA5601401,3,10/8/2021,
CA1410502,3,10/8/2021,
CA5602104,3,10/8/2021,
CA5602108,,,
CA5602111,,,
CA1900801,3,10/8/2021,
CA5602117,2,10/8/2021,
CA5602130,,,
CA5602132,3,10/8/2021,
CA5602140,3,10/8/2021,
CA5610002,1,10/8/2021,
CA5610003,,,
CA5610005,,,
CA5610006,3,10/8/2021,
CA5610007,,,
CA5610008,2,10/8/2021,
CA5610009,,,
CA5610010,,,
CA5610011,,,
CA5610014,,,
CA5610015,3,10/8/2021,
CA5610016,,,
CA5610017,,,
CA5610017,,,
CA5610018,,,
CA5610019,,,
CA5610020,,,
CA1500564,3,10/8/2021,
CA5610022,,,
CA5610023,,,
CA5610024,,,
CA5610029,,,
CA5610035,2,10/8/2021,
CA5610039,,,
CA5610040,,,
CA5610043,,,
CA5610046,3,10/8/2021,
CA5610058,,,
CA5610059,,,
CA5610063,3,10/8/2021,
CA5610068,2,10/8/2021,
CA5610069,3,10/8/2021,
CA1503526,3,10/8/2021,
CA5610081,,,
CA5700571,,,
CA5700615,,,
CA5201140,3,10/8/2021,
CA5700712,,,
CA5700788,3,10/8/2021,
CA5710001,,,
CA2810008,3,10/8/2021,
CA5710004,,,
CA5710005,3,10/8/2021,
CA5710006,,,
CA5710007,,,
CA2701241,3,10/8/2021,
CA5710011,3,10/8/2021,
CA5800572,3,10/8/2021,
CA5800803,3,10/8/2021,
CA5800805,,,
CA1410510,3,10/8/2021,
CA5800824,,,
CA2701280,3,10/8/2021,
CA5800924,,,
CA5805001,3,10/8/2021,
CA5810001,,,
CA5810002,,,
CA5810003,,,
CA5810004,,,
CA5810005,,,
CA5810006,,,
CA5810700,3,10/8/2021,
